{"train_loss": [0.8949033617973328, 0.7948752045631409, 0.7420197129249573, 0.7198533415794373, 0.47338372468948364, 0.3749862611293793, 0.49021464586257935, 0.626754641532898, 0.38287878036499023, 0.30670174956321716, 0.3687431812286377, 0.19258958101272583, 0.2767580449581146, 0.2413697987794876, 0.22272220253944397, 0.073909692466259, 0.1520654410123825, 0.18509384989738464, 0.06516917049884796, 0.15117418766021729, 0.13213875889778137, 0.046777430921792984, 0.08910506218671799, 0.05397378280758858, 0.09025200456380844, 0.022253431379795074, 0.053037434816360474, 0.028956109657883644, 0.031599756330251694, 0.022546952590346336, 0.02289000153541565, 0.058747440576553345, 0.02252381481230259, 0.014565563760697842, 0.02156677283346653, 0.009663625620305538, 0.006320975720882416, 0.006200334057211876, 0.006237610708922148, 0.005627718288451433, 0.004267010372132063, 0.00529846828430891, 0.007233189884573221, 0.006143952254205942, 0.005366868805140257, 0.003442751709371805, 0.0050786943174898624, 0.004922046791762114, 0.0026804152876138687, 0.0019411651883274317], "train_acc": [0.0, 0.4, 0.5, 0.6000000000000001, 0.6000000000000001, 1.0, 0.9, 0.7000000000000001, 0.8, 1.0, 0.9, 1.0, 0.9, 0.9, 1.0, 1.0, 1.0, 1.0, 1.0, 1.0, 0.9, 1.0, 1.0, 1.0, 1.0, 1.0, 1.0, 1.0, 1.0, 1.0, 1.0, 1.0, 1.0, 1.0, 1.0, 1.0, 1.0, 1.0, 1.0, 1.0, 1.0, 1.0, 1.0, 1.0, 1.0, 1.0, 1.0, 1.0, 1.0, 1.0], "train_segacc": [0.370703125, 0.47500000000000003, 0.46953125, 0.535373263888889, 0.5400173611111111, 0.5714409722222222, 0.5710069444444444, 0.5942708333333333, 0.5689670138888889, 0.6037760416666667, 0.6103298611111111, 0.6237413194444444, 0.6155815972222223, 0.5986979166666667, 0.5736545138888889, 0.5680555555555555, 0.5448350694444445, 0.5588541666666667, 0.5822048611111111, 0.5994357638888889, 0.5933159722222222, 0.5750434027777778, 0.5647569444444445, 0.5487413194444445, 0.5121527777777778, 0.5284288194444444, 0.5321180555555556, 0.5389756944444445, 0.5379340277777778, 0.5428385416666667, 0.5456163194444444, 0.5535156250000001, 0.5369357638888889, 0.5456597222222223, 0.5435329861111111, 0.5473958333333333, 0.5506510416666667, 0.5400173611111111, 0.5467881944444445, 0.5397135416666667, 0.5398871527777778, 0.5407552083333333, 0.5352864583333333, 0.5449652777777778, 0.5379774305555556, 0.5300347222222223, 0.5407552083333333, 0.5327690972222222, 0.5313368055555556, 0.5345052083333334], "val_loss": [0.6993834376335144, 0.6982973217964172, 0.69755619764328, 0.6963271498680115, 0.6948594450950623, 0.6937668323516846, 0.6926353573799133, 0.6910585761070251, 0.6903205513954163, 0.6900219321250916, 0.6904872059822083, 0.691469132900238, 0.6920549273490906, 0.6933159232139587, 0.6950809359550476, 0.6973977088928223, 0.7000914216041565, 0.7023504972457886, 0.7053771018981934, 0.7065672874450684, 0.7107074856758118, 0.7135563492774963, 0.7180566191673279, 0.7217625379562378, 0.7204011082649231, 0.7207461595535278, 0.7211325168609619, 0.7230172753334045, 0.7271906733512878, 0.7293939590454102, 0.7314738035202026, 0.7321214079856873, 0.7328029870986938, 0.7322090864181519, 0.7318095564842224, 0.7313883900642395, 0.7301477193832397, 0.7284849286079407, 0.7270236015319824, 0.7261001467704773, 0.7257958650588989, 0.7249749898910522, 0.7247421145439148, 0.7252989411354065, 0.7243624925613403, 0.7223736047744751, 0.7202957272529602, 0.7190845012664795, 0.7178038954734802, 0.7144066095352173], "val_acc": [0.4, 0.4, 0.4, 0.4, 0.4, 0.4, 0.6000000000000001, 0.5, 0.5, 0.5, 0.5, 0.5, 0.4, 0.6000000000000001, 0.6000000000000001, 0.5, 0.30000000000000004, 0.30000000000000004, 0.30000000000000004, 0.30000000000000004, 0.30000000000000004, 0.30000000000000004, 0.30000000000000004, 0.30000000000000004, 0.4, 0.4, 0.4, 0.4, 0.4, 0.4, 0.4, 0.4, 0.4, 0.4, 0.4, 0.4, 0.4, 0.4, 0.4, 0.4, 0.4, 0.4, 0.4, 0.4, 0.4, 0.4, 0.5, 0.4, 0.4, 0.4], "val_segacc": [0.37200520833333334, 0.37200520833333334, 0.37200520833333334, 0.37200520833333334, 0.37200520833333334, 0.37191840277777777, 0.4587673611111111, 0.574609375, 0.6190972222222223, 0.6039930555555556, 0.5720052083333333, 0.5734375, 0.5799479166666667, 0.5848958333333334, 0.5800347222222223, 0.45772569444444444, 0.3976996527777778, 0.3923611111111111, 0.390234375, 0.39140625, 0.38671875, 0.38359375, 0.3809895833333333, 0.37929687500000003, 0.37886284722222224, 0.37821180555555556, 0.3768229166666667, 0.37595486111111115, 0.37539062500000003, 0.37495659722222224, 0.374609375, 0.37508680555555557, 0.3758680555555556, 0.3775173611111111, 0.380078125, 0.38342013888888893, 0.38702256944444446, 0.3908420138888889, 0.3947482638888889, 0.39774305555555556, 0.4010416666666667, 0.4044270833333333, 0.4060763888888889, 0.40794270833333335, 0.41171875, 0.4157986111111111, 0.41944444444444445, 0.4224392361111111, 0.4271267361111111, 0.43255208333333334]}